%time,field.header.seq,field.header.stamp,field.header.frame_id,field.h.x,field.h.y,field.h.z,field.n.x,field.n.y,field.n.z,field.t.x,field.t.y,field.t.z,field.rs.x,field.rs.y,field.rs.z,field.re.x,field.re.y,field.re.z,field.rh.x,field.rh.y,field.rh.z,field.ls.x,field.ls.y,field.ls.z,field.le.x,field.le.y,field.le.z,field.lh.x,field.lh.y,field.lh.z,field.rp.x,field.rp.y,field.rp.z,field.rk.x,field.rk.y,field.rk.z,field.rf.x,field.rf.y,field.rf.z,field.lp.x,field.lp.y,field.lp.z,field.lk.x,field.lk.y,field.lk.z,field.lf.x,field.lf.y,field.lf.z
1489188041404974842,1036,0,,1.71649694666,-0.00229650896148,0.263128491099,1.67589578151,0.00429384559479,0.045567727148,1.63689199243,0.0107137581922,-0.181974259101,1.67760149771,0.167213620672,0.0498720879458,1.67760038834,0.167213437562,-0.252146985539,1.67759927894,0.16721857977,-0.554165769106,1.67419006531,-0.158625930436,0.0412633663501,1.60468271887,-0.323878871298,-0.229738545083,1.4880966465,-0.0465223049122,-0.254957614523,1.59900366707,0.123675207881,-0.406701399596,1.59900197038,0.123675207875,-0.868612868099,1.59900033894,0.123675207869,-1.31275855901,1.59677273964,-0.0894078539041,-0.412331091105,1.59677104294,-0.0894078539103,-0.874242559608,1.59676941151,-0.0894078539163,-1.31838818949
1489188041505437589,1037,0,,1.72451565568,-0.00616649179047,0.268040845678,1.68179523151,0.000738403950597,0.051794710483,1.64173699658,0.00804259431006,-0.175540301678,1.68795639183,0.16355788173,0.0559405160967,1.68795528245,0.16355769862,-0.246078557388,1.68795417306,0.163562840828,-0.548097325696,1.67563407119,-0.162081079551,0.0476489048693,1.60023867797,-0.33527848479,-0.227279834301,1.4896118184,-0.0556399140928,-0.254499734346,1.60570779945,0.121822716332,-0.400164162259,1.60570610276,0.121822716326,-0.862075600244,1.60570447132,0.12182271632,-1.30622123012,1.59764972386,-0.0911291412711,-0.40558646542,1.59764802717,-0.0911291412774,-0.867497933923,1.59764639573,-0.0911291412833,-1.3116435638
1489188041605667264,1038,0,,1.72480366695,-0.0164203039994,0.270690563858,1.68304722528,-0.00776159145063,0.0543592810797,1.6428237015,0.00116790562325,-0.172887794073,1.6930808246,0.154852028971,0.0589732121175,1.69307971522,0.154851845861,-0.243045861367,1.69307860582,0.154856988069,-0.545064629675,1.67301362595,-0.170375217594,0.0497453500418,1.59840637018,-0.35053807404,-0.218127178644,1.48918329649,-0.0709831468682,-0.251613136092,1.60916168784,0.116438718704,-0.397117605121,1.60915999115,0.116438718698,-0.859029104141,1.60915835971,0.116438718692,-1.30317473402,1.59603866761,-0.0962439161708,-0.403152163848,1.59603697091,-0.0962439161771,-0.865063601833,1.59603533947,-0.0962439161831,-1.30920923171
1489188041705184133,1039,0,,1.72492125826,-0.0258734361969,0.27147605537,1.68279896982,-0.0170778164608,0.0547240433442,1.64277711104,-0.00955304491302,-0.172609763506,1.69621488824,0.145330922319,0.0577380626661,1.69621377886,0.145330739209,-0.244281010818,1.69621266946,0.145335881417,-0.546299809644,1.6693830514,-0.179486559055,0.0517100240223,1.59103166585,-0.360335525446,-0.213895980901,1.48523605978,-0.0801901010645,-0.252948631847,1.61152867309,0.104179068585,-0.397972533249,1.6115269764,0.104179068579,-0.859883971234,1.61152534496,0.104179068573,-1.30402960111,1.59398183143,-0.108235622945,-0.401914607465,1.59398013474,-0.108235622951,-0.86382604545,1.5939785033,-0.108235622957,-1.30797167533
1489188041804996484,1040,0,,1.72450040199,-0.0366903132006,0.272138135773,1.68211322769,-0.0295357676644,0.0555740672256,1.64194916012,-0.0228648679846,-0.171762745084,1.69768795652,0.132701792598,0.0575832415816,1.69768684714,0.132701609488,-0.244435831903,1.69768573775,0.132706751696,-0.546454600211,1.66653849886,-0.191773327926,0.0535648928695,1.58379797465,-0.374817729751,-0.208382557113,1.4795121189,-0.0947231726269,-0.251652102032,1.61197025455,0.0899014365399,-0.397785645222,1.61196855785,0.0899014365336,-0.859697083208,1.61196692641,0.0899014365276,-1.30384271309,1.59159993056,-0.122289373149,-0.400413439047,1.59159823387,-0.122289373155,-0.862324938068,1.59159660243,-0.122289373161,-1.30647056795
1489188041905941785,1041,0,,1.7246670767,-0.0476454403045,0.274450329986,1.68215320138,-0.0419418077093,0.0586044625867,1.64159912262,-0.036167760048,-0.168687838403,1.69927541263,0.120148873319,0.0596672964197,1.69927430325,0.120148690209,-0.242351777065,1.69927319385,0.120153840046,-0.544370560632,1.66503099013,-0.204032488737,0.0575416287538,1.57654214954,-0.380687568415,-0.204925026188,1.46746597092,-0.105388042314,-0.263788105148,1.61224216683,0.0756056459126,-0.395285096905,1.61224047013,0.0756056459064,-0.857196595925,1.61223883869,0.0756056459004,-1.3013422258,1.5898479209,-0.136393055427,-0.396675181879,1.58984622421,-0.136393055433,-0.858586650382,1.58984459277,-0.136393055439,-1.30273228026
1489188042005565860,1042,0,,1.72233508687,-0.0579187108944,0.275453695485,1.67999383641,-0.057156045225,0.0594147732531,1.6393355305,-0.0570976618564,-0.167907236216,1.69501837716,0.105104813187,0.0567692865441,1.69501726779,0.105104630077,-0.24524978694,1.69501615839,0.105109779915,-0.547268555249,1.66496929566,-0.219416903637,0.0620602599621,1.57103830912,-0.396820950448,-0.203135378896,1.46073005309,-0.123864080241,-0.270260828208,1.60850251205,0.0490713609357,-0.396959277504,1.60850081535,0.0490713609294,-0.858870776524,1.60849918392,0.0490713609234,-1.3030164064,1.5888519371,-0.163149925541,-0.393499244383,1.58885024041,-0.163149925547,-0.855410743403,1.58884860897,-0.163149925553,-1.29955637328
1489188042105012936,1043,0,,1.71777470718,-0.0675504300688,0.278104011309,1.67625073033,-0.0714314648581,0.0609223095855,1.63647647192,-0.0754020165357,-0.166532210455,1.68945262966,0.0909397994566,0.055779393048,1.68945152028,0.0909396163471,-0.246239680436,1.68945041089,0.0909447661843,-0.548258464004,1.66304883099,-0.233802729173,0.066065226123,1.563480156,-0.411289636658,-0.197345785093,1.45715248364,-0.136845599729,-0.264931499881,1.6053356002,0.0268102885881,-0.397349951906,1.6053339035,0.0268102885818,-0.859261389891,1.60533227206,0.0268102885758,-1.30340701977,1.58806882684,-0.185555415478,-0.390623509084,1.58806713015,-0.185555415484,-0.852535008104,1.58806549871,-0.18555541549,-1.29668063798
1489188042205318724,1044,0,,1.72020224596,-0.0779871200656,0.280882048046,1.67605889126,-0.082961075243,0.0644919361448,1.63382016301,-0.0885533095571,-0.162489659193,1.68984440387,0.0793187452926,0.0579285462722,1.6898432945,0.0793185621831,-0.244090527212,1.6898421851,0.0793237120203,-0.546109295521,1.66227337864,-0.245240888149,0.0710553260175,1.56320585162,-0.431838770967,-0.18803348245,1.46096182003,-0.15368552104,-0.245755290118,1.60059641004,0.011977496064,-0.393763386646,1.60059471335,0.0119774960577,-0.855674824631,1.60059308191,0.0119774960518,-1.29982045451,1.58256645948,-0.200268585714,-0.385179122417,1.58256476278,-0.20026858572,-0.84709059092,1.58256313135,-0.200268585726,-1.29123628183
1489188042305065329,1045,0,,1.7176076694,-0.0870132144959,0.279460426718,1.67323434761,-0.0940270569927,0.0646722748893,1.63029762954,-0.10167486638,-0.162124244033,1.68491707247,0.068368127523,0.0569844573158,1.68491596309,0.0683679444135,-0.245034616169,1.68491485369,0.0683730942507,-0.547053369218,1.66155162275,-0.256422241508,0.0723600924628,1.56340002677,-0.446966974599,-0.180470845834,1.47379473621,-0.160679065211,-0.211230526465,1.59500076171,-0.00312419189426,-0.393948211062,1.59499906501,-0.0031241919005,-0.855859679565,1.59499743358,-0.00312419190649,-1.30000537048,1.57972106124,-0.215521144383,-0.383893314846,1.57971936455,-0.21552114439,-0.845804752831,1.57971773311,-0.215521144396,-1.28995038271
1489188042405273914,1046,0,,1.71700930744,-0.0948957316475,0.278850077353,1.67055724779,-0.101248616814,0.064041059137,1.62754569582,-0.107615786828,-0.162782650672,1.68039036725,0.0613244020942,0.0576129376885,1.68038925787,0.0613242227993,-0.244406135796,1.68038814848,0.0613293726366,-0.546424873587,1.66072412833,-0.26382165861,0.0704691805854,1.56223635861,-0.456192320671,-0.182038514289,1.49070619161,-0.164576616617,-0.160539380698,1.59096452403,-0.00766817682825,-0.39381004316,1.59096282733,-0.00766817683449,-0.855721542181,1.59096119589,-0.00766817684048,-1.29986717206,1.57810376367,-0.220297746394,-0.385402677802,1.57810206698,-0.2202977464,-0.847314146305,1.57810043554,-0.220297746406,-1.29145977618
1489188042505237311,1047,0,,1.71624626603,-0.0992444359274,0.279976575517,1.67022975842,-0.106681853185,0.0654907063361,1.62700104418,-0.113224187266,-0.161287378896,1.67721180455,0.056052787788,0.0594650916981,1.67721069517,0.0560526084932,-0.242553981786,1.67720958578,0.0560577583304,-0.544572750095,1.6632477123,-0.269416497974,0.0715163209741,1.55986090681,-0.458138191212,-0.174050788888,1.50515666777,-0.166776545227,-0.119513852417,1.58833833081,-0.0133460467348,-0.392005925848,1.58833663411,-0.0133460467411,-0.85391739435,1.58833500267,-0.0133460467471,-1.29806308527,1.57920632906,-0.226186994053,-0.384125002408,1.57920463237,-0.226186994059,-0.846036440394,1.57920300093,-0.226186994065,-1.29018207027
1489188042605317908,1048,0,,1.71660748275,-0.101000713592,0.28112376047,1.66998196625,-0.108748535004,0.0662979124465,1.62663631002,-0.115632651131,-0.160447793206,1.67634706844,0.0540098845262,0.0601397622329,1.67634595906,0.0540097052314,-0.241879311251,1.67634484966,0.0540148550686,-0.543898064301,1.66361686406,-0.271506950719,0.0724560626601,1.55590803365,-0.456848136152,-0.170665184769,1.51239759437,-0.167243529127,-0.0976905529036,1.58745308983,-0.0160807358844,-0.391220613758,1.58745139313,-0.0160807358906,-0.853132051743,1.5874497617,-0.0160807358966,-1.29727768162,1.57912821774,-0.228952802445,-0.383166383957,1.57912652105,-0.228952802451,-0.845077821943,1.57912488961,-0.228952802457,-1.28922345182
1489188042705208566,1049,0,,1.7160023747,-0.101580885493,0.27904453906,1.66935061185,-0.108928758881,0.0642830984814,1.62559211257,-0.115403391661,-0.162395177065,1.67511293216,0.0538658751712,0.0585208702817,1.67511182278,0.0538656958763,-0.243498203203,1.67511071339,0.0538708457136,-0.545516956252,1.66358829154,-0.271723412006,0.0700453266811,1.55298994259,-0.456317812398,-0.170201642556,1.5197849054,-0.172125307412,-0.074258176474,1.58560188515,-0.0154183138283,-0.392841670191,1.58560018846,-0.0154183138346,-0.854753138693,1.58559855702,-0.0154183138405,-1.29889876857,1.57806534142,-0.228337724562,-0.385305235034,1.57806364472,-0.228337724568,-0.847216734054,1.57806201328,-0.228337724574,-1.29136236393
1489188042804752015,1050,0,,1.71699247412,-0.0986837413529,0.278434244896,1.67020777597,-0.106467993708,0.0630378102986,1.62593609684,-0.113834084977,-0.163513571273,1.67608374136,0.0562984768512,0.0565974200604,1.67608263198,0.0562982975564,-0.245421653424,1.67608152258,0.0563034473936,-0.547440421732,1.66433181059,-0.269234456638,0.0694782005368,1.55107270474,-0.454713540876,-0.16900926796,1.52254482546,-0.172396476474,-0.0657188952298,1.58550702883,-0.0147588941633,-0.394276636883,1.58550533213,-0.0147588941695,-0.856188074868,1.58550370069,-0.0147588941755,-1.30033370475,1.57782180657,-0.227641466912,-0.385853268807,1.57782010988,-0.227641466918,-0.847764706792,1.57781847844,-0.227641466924,-1.29191033667
1489188042905146058,1051,0,,1.71778957908,-0.0962122265842,0.27704447146,1.67092321889,-0.104157291617,0.0623041650925,1.62676933366,-0.110501425056,-0.164300195428,1.67724340051,0.0586163827222,0.0565156439501,1.67724229113,0.0586162034274,-0.245503429534,1.67724118174,0.0586213532646,-0.547522213101,1.66460303727,-0.266930988845,0.0680926862349,1.55212568355,-0.455406408102,-0.169622064796,1.51919347656,-0.17123587477,-0.0728741410984,1.58674846637,-0.0103995537039,-0.394689971521,1.58674676968,-0.0103995537101,-0.856601409507,1.58674513824,-0.0103995537161,-1.30074703939,1.57848243048,-0.223291580452,-0.387119140374,1.57848073378,-0.223291580458,-0.84903057836,1.57847910234,-0.223291580464,-1.29317620824
1489188043004840979,1052,0,,1.71856778108,-0.0964840361646,0.277794560154,1.67247863745,-0.102699537491,0.0633911649944,1.62881156561,-0.108334806837,-0.16332476958,1.67964672088,0.0600506566868,0.0579652811183,1.6796456115,0.060050477392,-0.244053792366,1.67964450211,0.0600556272292,-0.546072575933,1.66531055402,-0.265449724039,0.0688170488704,1.55377228841,-0.453451507034,-0.168100525435,1.51573696561,-0.164363389908,-0.0905177899012,1.58983207808,-0.00753943495525,-0.393588969665,1.58983038138,-0.00753943496148,-0.855500468685,1.58982874994,-0.00753943496747,-1.29964609856,1.58045690946,-0.220400734576,-0.386492438643,1.58045521277,-0.220400734582,-0.848403876628,1.58045358133,-0.220400734588,-1.29254950651
1489188043104889242,1053,0,,1.71709390462,-0.0956468528578,0.278766825089,1.67329967766,-0.102652461111,0.0621538878086,1.63115970575,-0.108657262201,-0.164843546515,1.67898631578,0.0601580799507,0.0567914249016,1.6789852064,0.0601579006559,-0.245227648583,1.67898409701,0.0601630504931,-0.547246401632,1.66761303953,-0.265462990728,0.0675163507156,1.55968487657,-0.456117439906,-0.173350974399,1.50350238494,-0.161378235873,-0.143523756924,1.59273856815,-0.00819197402277,-0.395347769403,1.59273687146,-0.008191974029,-0.857259268424,1.59273524002,-0.00819197403499,-1.3014048983,1.58530089953,-0.221132162096,-0.388334192276,1.58529920283,-0.221132162102,-0.850245691296,1.58529757139,-0.221132162108,-1.29439132118
1489188043204837909,1054,0,,1.71914053274,-0.0965931115144,0.277074617865,1.67503038646,-0.101966305156,0.0617288936583,1.63160196259,-0.107777789751,-0.165026409468,1.68054234242,0.0608560760838,0.056500327267,1.68054123304,0.060855896789,-0.245518746217,1.68054012365,0.0608610466262,-0.547537545043,1.66951843051,-0.264788667323,0.0669574600497,1.56415908648,-0.453882407602,-0.180168114247,1.4886184718,-0.161965509783,-0.177890706647,1.5917781155,-0.0071114426157,-0.395200915289,1.59177641881,-0.00711144262193,-0.85711241431,1.59177478737,-0.00711144262793,-1.30125804419,1.58456896192,-0.220067101308,-0.3883625099,1.58456726522,-0.220067101314,-0.85027400892,1.58456563378,-0.22006710132,-1.2944196388
1489188043305284509,1055,0,,1.72455533017,-0.0966535164294,0.277698621412,1.67732896861,-0.101406268637,0.0617877536234,1.63331521677,-0.106895367686,-0.164866503652,1.68166062816,0.0614643680028,0.0570022610255,1.68165951879,0.0614641887079,-0.245016812459,1.68165840939,0.0614693385452,-0.547035596026,1.67299730905,-0.264276905277,0.0665732462213,1.56605393803,-0.444380325447,-0.183166610587,1.47523014334,-0.158560895875,-0.21392315869,1.59213419209,-0.00587506406852,-0.394650257418,1.59213249539,-0.00587506407476,-0.856561756438,1.59213086395,-0.00587506408075,-1.30070738632,1.58646873777,-0.218893876556,-0.388391264436,1.58646704108,-0.218893876562,-0.850302702422,1.58646540964,-0.218893876568,-1.2944483323
1489188043406131980,1056,0,,1.72087149551,-0.0972115743945,0.278020412288,1.6765599282,-0.102164961342,0.0617262024932,1.63427908469,-0.107485986094,-0.165256720205,1.67903062751,0.0607574834948,0.0574467439527,1.67902951813,0.0607573042,-0.244572329532,1.67902840874,0.0607624540372,-0.546591128358,1.67408922889,-0.265087417623,0.0660056610337,1.57320396635,-0.444961628529,-0.18268403187,1.46643638738,-0.168405959915,-0.238683487107,1.59361392842,-0.00626371334201,-0.395038202306,1.59361223172,-0.00626371334825,-0.856949701327,1.59361060028,-0.00626371335424,-1.30109533121,1.59038255395,-0.219350298337,-0.3894410835,1.59038085726,-0.219350298343,-0.851352521485,1.59037922582,-0.219350298349,-1.29549815137
1489188043505803735,1057,0,,1.72327335332,-0.0981641565144,0.277704180321,1.6779682559,-0.103403557854,0.0611688090144,1.63502640164,-0.108606352307,-0.165697564625,1.67952745702,0.0595384339587,0.0571369276746,1.67952634764,0.0595382546639,-0.24488214581,1.67952523825,0.0595434045011,-0.546900944636,1.67640905477,-0.266345557295,0.0652006903543,1.5754738584,-0.445371501783,-0.184566105027,1.46758639286,-0.169982676882,-0.245416706663,1.59310416583,-0.00725308985209,-0.395200614985,1.59310246914,-0.00725308985832,-0.85711205297,1.5931008377,-0.00725308986431,-1.30125768285,1.59106492894,-0.220365203667,-0.389927292061,1.59106323225,-0.220365203674,-0.851838730047,1.59106160081,-0.22036520368,-1.29598435993
1489188043605357434,1058,0,,1.71980349809,-0.0977512587984,0.276319641064,1.67597068766,-0.102695008062,0.0592524955511,1.63429018599,-0.108138108551,-0.1678419711,1.67678220803,0.0602505630045,0.0551980644674,1.67678109865,0.0602503837096,-0.246821009017,1.67677998925,0.0602555335469,-0.548839777325,1.6751591673,-0.265640605832,0.0633069266348,1.58106871793,-0.447356527618,-0.183584176726,1.46994467731,-0.173799623786,-0.247033017816,1.59314028903,-0.00702280169068,-0.397587822148,1.59313859233,-0.00702280169691,-0.859499260134,1.5931369609,-0.00702280170291,-1.30364489001,1.59207907961,-0.220139614005,-0.392285022837,1.59207738291,-0.220139614011,-0.854196521858,1.59207575148,-0.220139614017,-1.29834215174
1489188043705045349,1059,0,,1.72412247292,-0.0979512398822,0.277509841264,1.67909593657,-0.102450649964,0.0607947966935,1.63590567023,-0.107873469438,-0.166019680892,1.67955406362,0.0604996576587,0.0568116712292,1.67955295425,0.0604994783639,-0.245207402255,1.67955184485,0.0605046282011,-0.547226140046,1.67863780952,-0.265400938513,0.0647779221578,1.58116917132,-0.446228933255,-0.185310861665,1.47348729771,-0.169043110529,-0.237412364325,1.59301505172,-0.00673480490491,-0.395438926425,1.59301335503,-0.00673480491115,-0.857350394928,1.59301172359,-0.00673480491714,-1.30149608584,1.59241575605,-0.219857782934,-0.390229390529,1.59241405935,-0.21985778294,-0.852140859032,1.59241242791,-0.219857782946,-1.29628648891
1489188043805117446,1060,0,,1.7248594179,-0.0978066754077,0.279425701594,1.67978991511,-0.102847589553,0.0627970829628,1.6368127838,-0.108381133648,-0.164055817036,1.67874682221,0.0601037654113,0.0590199108887,1.67874571284,0.0601035861165,-0.242999162596,1.67874460344,0.0601087359537,-0.545017946163,1.68083300801,-0.265798940704,0.0665742550368,1.58134812229,-0.446647084453,-0.186847880144,1.47825836994,-0.164218630114,-0.211860288344,1.59315348929,-0.00735248923756,-0.393378776787,1.5931517926,-0.0073524892438,-0.855290275807,1.59315016116,-0.00735248924979,-1.29943590569,1.59451781568,-0.220476870061,-0.388438657284,1.59451611899,-0.220476870068,-0.850350095269,1.59451448755,-0.220476870074,-1.29449572515
1489188043904949501,1061,0,,1.718430573,-0.0978246586169,0.276169102894,1.67679112586,-0.103093022932,0.0598414665365,1.63562527105,-0.108208088083,-0.167353023368,1.67519029515,0.0598622171607,0.0564627950463,1.67518918578,0.0598620378659,-0.245556278438,1.67518807638,0.0598671877031,-0.547575062005,1.67839195656,-0.266048247766,0.0632201380267,1.57976180905,-0.445311793649,-0.188105015431,1.48408879912,-0.159489269098,-0.178025303046,1.59341250791,-0.00675840688431,-0.396757012602,1.59341081121,-0.00675840689054,-0.858668450587,1.59340917977,-0.00675840689653,-1.30281408047,1.59550632458,-0.219887892431,-0.392338013942,1.59550462789,-0.219887892437,-0.854249512962,1.59550299645,-0.219887892443,-1.29839514284
1489188044004943393,1062,0,,1.72242031999,-0.0965879114788,0.277650136823,1.67933519457,-0.101911388221,0.0613852041398,1.63693264658,-0.107111624846,-0.165579834811,1.67755064797,0.0610429356697,0.0579850336907,1.67754953859,0.0610427563748,-0.244034039794,1.6775484292,0.061047906212,-0.546052792843,1.68111974117,-0.264865712111,0.064785374589,1.57700203425,-0.44404865071,-0.189340982467,1.48798697611,-0.158749966449,-0.148509905988,1.59336307302,-0.00574773354293,-0.394768425994,1.59336137633,-0.00574773354917,-0.856679925014,1.59335974489,-0.00574773355516,-1.30082555489,1.59569712417,-0.218875989875,-0.390321321528,1.59569542748,-0.218875989881,-0.85223279003,1.59569379604,-0.218875989887,-1.29637841991
1489188044104713329,1063,0,,1.72459866459,-0.0966734366194,0.277530591468,1.68047777782,-0.102917457022,0.0617737650064,1.63728373101,-0.109324498922,-0.165013536662,1.67711730156,0.0599976726948,0.0578112681926,1.67711619218,0.0599974934,-0.244207805292,1.67711508279,0.0600026432372,-0.546226558341,1.68383825408,-0.265832590553,0.0657362618202,1.57182369454,-0.443644006646,-0.187570806585,1.49128642399,-0.161900711165,-0.11586761464,1.59189213979,-0.00919303952507,-0.394392138853,1.5918904431,-0.0091930395313,-0.856303576838,1.59188881166,-0.00919303953729,-1.30044920672,1.59628722862,-0.222270030676,-0.389209537806,1.59628553192,-0.222270030682,-0.851120975792,1.59628390048,-0.222270030688,-1.29526660567
1489188044205222329,1064,0,,1.72492983747,-0.0961853601466,0.276961742595,1.68034838777,-0.103604728615,0.0623062819612,1.63685038747,-0.110377089931,-0.164413513708,1.67690526904,0.0593038700361,0.0581006366472,1.67690415966,0.0593036907412,-0.243918436837,1.67690305027,0.0593088405785,-0.545937189887,1.6837915065,-0.26651334634,0.0665119272751,1.5674853153,-0.442052256224,-0.186067845703,1.49478833045,-0.163080111144,-0.0965196813364,1.59110076505,-0.0106152168857,-0.393883591024,1.59109906835,-0.0106152168919,-0.855795029009,1.59109743692,-0.0106152168979,-1.29994065889,1.5956040093,-0.223683683698,-0.388383027728,1.59560231261,-0.223683683705,-0.850294496231,1.59560068117,-0.223683683711,-1.29444018715
1489188044304784861,1065,0,,1.72374807608,-0.0966896750953,0.276813462024,1.68015758577,-0.103585854194,0.0606638723837,1.6369969868,-0.110150740515,-0.166126099695,1.67707176709,0.0593324541743,0.0565351605718,1.67707065771,0.0593322748794,-0.245483912913,1.67706954832,0.0593374247167,-0.547502681221,1.68324340444,-0.266504162563,0.0647925841956,1.5633123496,-0.439336359687,-0.181193883231,1.49374132006,-0.158301825195,-0.0953659451908,1.59181840844,-0.0101750401469,-0.395616046053,1.59181671174,-0.0101750401531,-0.857527514555,1.5918150803,-0.0101750401591,-1.30167320547,1.59585436721,-0.223256223062,-0.390216097496,1.59585267052,-0.223256223068,-0.852127565998,1.59585103908,-0.223256223074,-1.29627319588
1489188044404957890,1066,0,,1.72428811512,-0.0960115572669,0.277487196613,1.67984984974,-0.10377958091,0.0613501375522,1.63551151877,-0.110748249634,-0.165198176758,1.67659410833,0.0591279579434,0.0569762939181,1.67659299895,0.0591277786486,-0.245042779566,1.67659188956,0.0591329284858,-0.547061578392,1.68310559115,-0.26668711595,0.0657239811862,1.56494209156,-0.440609363954,-0.187579158383,1.48718805737,-0.159938323875,-0.107900985817,1.58904412386,-0.0111833759142,-0.394606789036,1.58904242716,-0.0111833759204,-0.856518288056,1.58904079572,-0.0111833759264,-1.30066391794,1.59330225173,-0.224250464614,-0.388886223619,1.59330055503,-0.22425046462,-0.85079772264,1.59329892359,-0.224250464626,-1.29494335252
1489188044505097792,1067,0,,1.71969351096,-0.0969032596297,0.276685577747,1.67731932821,-0.10330095251,0.060751208859,1.63367679399,-0.109338779139,-0.165960148168,1.67458910146,0.0596293467578,0.0569376202527,1.67458799209,0.059629167463,-0.245081453232,1.67458688269,0.0596343173002,-0.547100206281,1.68004955495,-0.266231255593,0.0645647974654,1.56888812773,-0.441302281589,-0.190654886989,1.47351029541,-0.158675068453,-0.147381404326,1.58824882507,-0.00882820190978,-0.395165410382,1.58824712837,-0.00882820191602,-0.857076878885,1.58824549693,-0.00882820192201,-1.30122250876,1.5918196945,-0.221925000089,-0.39017760001,1.5918179978,-0.221925000095,-0.85208909903,1.59181636636,-0.221925000101,-1.29623472891
1489188044605231510,1068,0,,1.71765640676,-0.0975631487042,0.277434334009,1.67629613551,-0.103720977326,0.0605107341018,1.63239310267,-0.109557800883,-0.166156173116,1.67343895625,0.0592129263649,0.0568685174217,1.67343784688,0.05921274707,-0.245150556063,1.67343673748,0.0592178969073,-0.547169354889,1.67915331476,-0.266654873387,0.0641529507818,1.56961513778,-0.438885469836,-0.199326474742,1.46341854475,-0.156939845512,-0.199529041818,1.58662162771,-0.00884386721909,-0.395204924669,1.58661993102,-0.00884386722532,-0.857116423689,1.58661829958,-0.00884386723131,-1.30126205357,1.59035851196,-0.221945391199,-0.390441266517,1.59035681527,-0.221945391205,-0.852352765538,1.59035518383,-0.221945391211,-1.29649839542
1489188044705114149,1069,0,,1.71620608438,-0.0990023477571,0.274635175518,1.67367186068,-0.104311082485,0.0579481674473,1.63063186157,-0.109409980204,-0.168902443502,1.67205857888,0.0586454049676,0.0545915449531,1.6720574695,0.0586452256727,-0.247427528531,1.67205636011,0.05865037551,-0.549446327357,1.67528514248,-0.267267589012,0.0613047899416,1.56676376198,-0.426023541833,-0.2021042963,1.44879433669,-0.152140064024,-0.244991497255,1.58653677546,-0.00794332670206,-0.397948118937,1.58653507877,-0.00794332670829,-0.85985958744,1.58653344733,-0.00794332671428,-1.30400521732,1.58864694946,-0.221074425806,-0.393557989967,1.58864525277,-0.221074425812,-0.85546945847,1.58864362133,-0.221074425818,-1.29961508835
1489188044804881350,1070,0,,1.71647233548,-0.100759327675,0.277165325908,1.67337768474,-0.105377405893,0.0605597560523,1.63036807714,-0.109414635104,-0.166318366606,1.6704156518,0.0575777109445,0.0582215863883,1.67041454242,0.0575775316496,-0.243797487096,1.67041343303,0.0575826814869,-0.545816255405,1.67633971768,-0.268332496027,0.0628979257164,1.56837875467,-0.430313635999,-0.205724175279,1.44112290816,-0.163885484049,-0.268119978598,1.58542142697,-0.00688721517166,-0.394725550143,1.58541973028,-0.0068872151779,-0.856637049163,1.58541809884,-0.00688721518389,-1.30078267904,1.58929551209,-0.220016531578,-0.391667458902,1.58929381539,-0.220016531584,-0.853578957922,1.58929218396,-0.22001653159,-1.2977245878
1489188044904855075,1071,0,,1.71628764264,-0.101448873031,0.276349347582,1.67205322418,-0.105361335623,0.061209236015,1.62829044225,-0.109122955724,-0.165526626186,1.66872107508,0.0575913041157,0.0591489912945,1.6687199657,0.0575911248209,-0.24287008219,1.66871885631,0.0575962746581,-0.544888819981,1.67538537327,-0.268313975362,0.0632694807356,1.56381563228,-0.425808556324,-0.204497596018,1.4367172289,-0.161618746082,-0.276636625013,1.58234855302,-0.00632155072348,-0.393609785682,1.58234685632,-0.00632155072972,-0.855521254185,1.58234522488,-0.00632155073571,-1.2996669451,1.58670676765,-0.219447601878,-0.390915191092,1.58670507095,-0.219447601884,-0.852826629077,1.58670343951,-0.21944760189,-1.29697225896
1489188045005025014,1072,0,,1.7107280775,-0.103404383565,0.275802737144,1.66812024061,-0.106726561557,0.0597989111062,1.62596634497,-0.110668343899,-0.16723628867,1.66403955639,0.0562078716973,0.057727759101,1.66403844701,0.0562076924025,-0.244291314383,1.66403733761,0.0562128422397,-0.546310067433,1.67220092484,-0.26966100244,0.0618700631114,1.56556480356,-0.431885637302,-0.20355660818,1.44320884006,-0.163890176094,-0.269650564874,1.58114384008,-0.00805902005344,-0.395625925056,1.58114214338,-0.00805902005967,-0.857537424076,1.58114051195,-0.00805902006566,-1.30168305396,1.58648105858,-0.221161241013,-0.392917082353,1.58647936188,-0.221161241019,-0.854828581373,1.58647773045,-0.221161241025,-1.29897421125
1489188045105629761,1073,0,,1.70372061262,-0.101085088626,0.273061796087,1.66478172501,-0.106038013334,0.0565072821339,1.62415309813,-0.110309433323,-0.170801635403,1.66098656209,0.0568991866244,0.0541238732205,1.66098545272,0.0568990073296,-0.247895200264,1.66098434332,0.0569041571668,-0.549913938055,1.66857688794,-0.268975224736,0.0588906910472,1.56747497623,-0.436590189611,-0.203792165123,1.45501850059,-0.159069820215,-0.240267154884,1.58104262883,-0.00802793922556,-0.39966919861,1.58104093213,-0.00802793923179,-0.861580636595,1.58103930069,-0.00802793923779,-1.30572626647,1.58600631368,-0.221133761677,-0.396551907269,1.58600461699,-0.221133761684,-0.858463345254,1.58600298555,-0.22113376169,-1.30260897513
1489188045204797725,1074,0,,1.70143642833,-0.10073601407,0.27215842313,1.6638241996,-0.105878776128,0.055065452155,1.623256242,-0.110253070651,-0.172255169096,1.66008335766,0.0570592289306,0.0525977077149,1.66008224828,0.0570590496357,-0.249421365769,1.66008113888,0.0570641994729,-0.551440118819,1.66756504155,-0.268816781188,0.057533196595,1.56965588624,-0.437531893026,-0.204240674721,1.46243763584,-0.156080748773,-0.218802368903,1.58024196423,-0.00807392262006,-0.401189581411,1.58024026753,-0.00807392262629,-0.863101019396,1.5802386361,-0.00807392263228,-1.30724664928,1.58513460457,-0.221180807726,-0.397961999282,1.58513290788,-0.221180807732,-0.859873498302,1.58513127644,-0.221180807738,-1.30401912818
1489188045304870103,1075,0,,1.69532985372,-0.0991140882582,0.271811704838,1.66178085805,-0.104316901615,0.0548329157152,1.62436853787,-0.108623458411,-0.173026504969,1.65967868691,0.0586449284329,0.0520981364474,1.65967757753,0.0586447491381,-0.249920937037,1.65967646814,0.0586498989753,-0.551939690087,1.66388302919,-0.267278708775,0.0575676949831,1.57510174128,-0.442797314917,-0.194736193382,1.47591947555,-0.158265727328,-0.180082005216,1.58558155209,-0.00636097280416,-0.402674342235,1.5855798554,-0.00636097281039,-0.86458578022,1.58557822396,-0.00636097281639,-1.3087314101,1.58833088329,-0.219499048549,-0.39909750907,1.58832918659,-0.219499048555,-0.86100900809,1.58832755515,-0.219499048561,-1.30515463797
1489188045405158221,1076,0,,1.69423965537,-0.101151445778,0.272934938823,1.66174802643,-0.105298759035,0.0552935023837,1.62538819185,-0.108534175491,-0.172756916429,1.65981748879,0.0576770334349,0.0532891607179,1.65981637941,0.0576768541401,-0.248729912766,1.65981527001,0.0576820039773,-0.550748650557,1.66367856408,-0.268274528618,0.0572978440495,1.57671356538,-0.443737464026,-0.19358275692,1.49091841064,-0.159965379265,-0.13936697242,1.58776587601,-0.00519140482509,-0.402118075845,1.58776417932,-0.00519140483132,-0.86402951383,1.58776254788,-0.00519140483731,-1.30817514371,1.59029083853,-0.218347796232,-0.399496594638,1.59028914184,-0.218347796239,-0.861408063141,1.5902875104,-0.218347796245,-1.30555369302
1489188045504964864,1077,0,,1.69367630068,-0.100080174044,0.273952854711,1.66127158578,-0.104328095807,0.0562017682939,1.6262193721,-0.108759987257,-0.172033195117,1.65913438009,0.0586324180412,0.0533656707954,1.65913327071,0.0586322387464,-0.248653402689,1.65913216132,0.0586373885836,-0.550672170997,1.66340879146,-0.26728862873,0.0590378657924,1.57828475398,-0.445754761721,-0.189715743038,1.50319954163,-0.164643831468,-0.109979734205,1.58976954337,-0.0066237051854,-0.402122843947,1.58976784667,-0.00662370519163,-0.864034281932,1.58976621523,-0.00662370519762,-1.30817991181,1.59256477348,-0.219760049843,-0.398413503625,1.59256307678,-0.219760049849,-0.860324941611,1.59256144534,-0.219760049855,-1.30447057149
1489188045604877256,1078,0,,1.6934668285,-0.0993356527186,0.274828069103,1.66173740756,-0.104228606792,0.0567028804745,1.62737892167,-0.10934979623,-0.171623714513,1.65792722748,0.0586964890771,0.053622007627,1.6579261181,0.0586963097822,-0.248397065857,1.6579250087,0.0587014596195,-0.550415818907,1.66554783179,-0.26715370266,0.059783753321,1.57852157299,-0.445603546252,-0.188855972179,1.50831372983,-0.16649616864,-0.0975528044432,1.59052858193,-0.00792595993515,-0.401965070856,1.59052688524,-0.00792595994138,-0.863876569876,1.5905252538,-0.00792595994737,-1.30802219976,1.59551204547,-0.221016020462,-0.397935548143,1.59551034878,-0.221016020468,-0.859847047163,1.59550871734,-0.221016020474,-1.30399267704
1489188045705078780,1079,0,,1.69389858807,-0.098558932993,0.274752567029,1.6624130658,-0.103908909791,0.0567650880756,1.62809498499,-0.108987610983,-0.171568785502,1.65871055176,0.0590199859119,0.0536976883434,1.65870944238,0.0590198066171,-0.248321385141,1.65870833299,0.0590249564543,-0.550340138191,1.66611557983,-0.266837782605,0.0598324878078,1.57964889655,-0.446393977902,-0.188497120119,1.50945884078,-0.164989450566,-0.1043897456,1.59135560701,-0.00751882236438,-0.401908585857,1.59135391032,-0.00751882237061,-0.863820054359,1.59135227888,-0.00751882237661,-1.30796568424,1.59619820136,-0.220613811521,-0.397896732304,1.59619650467,-0.220613811527,-0.859808231324,1.59619487323,-0.220613811533,-1.3039538612
1489188045804636679,1080,0,,1.69432131277,-0.0990331669749,0.27297302446,1.66318857846,-0.104550432211,0.0561149082251,1.62833937131,-0.109972275002,-0.172130050438,1.65918796806,0.0583676591743,0.0528557371269,1.65918685868,0.0583674798795,-0.249163336357,1.65918574928,0.0583726297167,-0.551182119925,1.66718918886,-0.267468515967,0.0593740793232,1.58058310053,-0.446331260847,-0.188468101333,1.5055582919,-0.16372805132,-0.112980398997,1.59087392027,-0.00885367635235,-0.40250633189,1.59087222357,-0.00885367635859,-0.86441783091,1.59087059213,-0.00885367636458,-1.30856346079,1.59610640807,-0.221934566863,-0.398243655795,1.59610471137,-0.221934566869,-0.860155154815,1.59610307993,-0.221934566875,-1.30430078469
1489188045904607754,1081,0,,1.6930644809,-0.10013715261,0.272977057397,1.66300169068,-0.105336794592,0.0558380534428,1.62897779879,-0.110312276624,-0.172540804126,1.65923264862,0.057592085608,0.0528500301757,1.65923153924,0.0575919063131,-0.249169043309,1.65923042985,0.0575970561504,-0.551187796358,1.66677073275,-0.268265697679,0.0588260767099,1.58034614318,-0.445611382567,-0.19288497058,1.49846275236,-0.161391560049,-0.132573909311,1.59248915287,-0.00874026614528,-0.402873677911,1.59248745618,-0.00874026615152,-0.864785146414,1.59248582474,-0.00874026615751,-1.30893077629,1.59741866091,-0.221835242585,-0.398965645478,1.59741696421,-0.221835242591,-0.860877083463,1.59741533278,-0.221835242597,-1.30502271334
1489188046006485147,1082,0,,1.69356655086,-0.10014439869,0.271545872692,1.66283408613,-0.106075435039,0.054551265118,1.62847364491,-0.110609512057,-0.173787506376,1.66018003477,0.0568777145457,0.0517149711537,1.66017892539,0.0568775352508,-0.250304102331,1.660177816,0.0568826850881,-0.552322870639,1.66548813749,-0.269028580809,0.0573875590823,1.57804133477,-0.444657472576,-0.191614423784,1.48634259653,-0.158151309159,-0.173085232589,1.59237757595,-0.00858022856074,-0.403981068859,1.59237587926,-0.00858022856698,-0.865892567879,1.59237424782,-0.00858022857297,-1.31003819776,1.59584883142,-0.221706952452,-0.40027148688,1.59584713473,-0.221706952459,-0.8621829859,1.59584550329,-0.221706952465,-1.30632861578
1489188046104915883,1083,0,,1.69997549168,-0.101880459133,0.271244915313,1.66386558483,-0.106729308508,0.0551395029063,1.62743287849,-0.111080836986,-0.172878628041,1.66309068325,0.0562398544485,0.0521532386606,1.66308957388,0.0562396751537,-0.249865834824,1.66308846448,0.0562448249909,-0.551884587873,1.66464048641,-0.269698444762,0.058125767152,1.57241606053,-0.440451438552,-0.195603599899,1.46507299617,-0.160446858478,-0.227427348066,1.59049342586,-0.00885854816472,-0.402849622729,1.59049172916,-0.00885854817095,-0.864761091231,1.59049009772,-0.00885854817695,-1.30890672111,1.59150691845,-0.222006193255,-0.398943895247,1.59150522176,-0.222006193261,-0.860855333233,1.59150359032,-0.222006193267,-1.30500096311
1489188046204685669,1084,0,,1.70089615545,-0.102005638857,0.273699166081,1.66451463976,-0.106623646639,0.0571708573337,1.62849941415,-0.111110992065,-0.170912292847,1.66471752048,0.0563401640741,0.0539326974066,1.6647164111,0.0563399847793,-0.248086376078,1.6647153017,0.0563451346165,-0.550105113869,1.66431175904,-0.269587453538,0.0604090172608,1.57134050074,-0.441232570432,-0.195912113404,1.46433932667,-0.162108634854,-0.236420417881,1.59261684595,-0.00902801878141,-0.401113027745,1.59261514925,-0.00902801878764,-0.863024526766,1.59261351781,-0.00902801879363,-1.30717015665,1.59235153113,-0.222168650479,-0.396877858311,1.59234983443,-0.222168650486,-0.858789296296,1.592348203,-0.222168650492,-1.30293492618
1489188046305141140,1085,0,,1.71285540682,-0.101505587299,0.2804200389,1.66974745138,-0.10618850016,0.0640121161887,1.62987968694,-0.110108019161,-0.163438405705,1.67201710473,0.0567608489986,0.0608063430791,1.67201599535,0.0567606697037,-0.241212730405,1.67201488595,0.056765819541,-0.543231483455,1.66747779803,-0.269137856947,0.0672178892984,1.56892982775,-0.436735753115,-0.199164835872,1.46132898598,-0.16103747892,-0.258973782067,1.59149614253,-0.0074666563399,-0.392985338082,1.59149444583,-0.00746665634613,-0.854896837102,1.59149281439,-0.00746665635212,-1.29904246698,1.58852770249,-0.220588418553,-0.388792517117,1.58852600579,-0.22058841856,-0.850703955102,1.58852437435,-0.220588418566,-1.29484958498
1489188046405003176,1086,0,,1.71730537728,-0.108541421478,0.27863480527,1.67036147596,-0.110214117411,0.0629567092702,1.62848760262,-0.112327590619,-0.164154938067,1.67287014743,0.0527518647052,0.0609776961469,1.67286903805,0.0527516854103,-0.241041377337,1.67286792865,0.0527568352476,-0.543060160905,1.66785280449,-0.273180122416,0.0649357223936,1.56841431235,-0.426906622929,-0.192729866938,1.46035140131,-0.154400702725,-0.264754387607,1.58825432428,-0.00786932766396,-0.392560765627,1.58825262758,-0.00786932767019,-0.854472264647,1.58825099614,-0.00786932767619,-1.29861789453,1.58497313428,-0.221012809052,-0.389972405183,1.58497143759,-0.221012809058,-0.851883873686,1.58496980615,-0.221012809064,-1.29602950357
1489188046505086291,1087,0,,1.72045686921,-0.113178746633,0.274724454338,1.67042128976,-0.11299249091,0.0600010053152,1.6260803723,-0.113798836644,-0.166647421901,1.6726389491,0.0499879249521,0.0589873863272,1.67263783972,0.0499877456573,-0.243031687157,1.67263673032,0.0499928954945,-0.545050455466,1.66820363042,-0.275972906772,0.0610146243032,1.5708500926,-0.425010800993,-0.193763765656,1.45969734667,-0.153181497364,-0.264052755566,1.58318974451,-0.00802397645138,-0.393958696243,1.58318804782,-0.00802397645761,-0.855870195263,1.58318641638,-0.0080239764636,-1.30001582514,1.58028916518,-0.221186394982,-0.392633001992,1.58028746849,-0.221186394989,-0.854544501012,1.58028583705,-0.221186394995,-1.29869013089
1489188046605417993,1088,0,,1.71835665594,-0.11620530464,0.273455266496,1.67073720802,-0.114274182254,0.0587989930464,1.62716569223,-0.113183705094,-0.167998927352,1.67315970624,0.0487057155612,0.0591172977445,1.67315859686,0.0487055362664,-0.24290177574,1.67315748746,0.0487106861036,-0.544920574566,1.66831470981,-0.277254064811,0.0584806883483,1.56997202906,-0.424185700459,-0.196146880106,1.46190073878,-0.148023743909,-0.252642683704,1.58517838043,-0.00551236388393,-0.39458870843,1.58517668374,-0.00551236389017,-0.85650020745,1.5851750523,-0.00551236389616,-1.30064583733,1.58200997244,-0.218674090077,-0.39500501759,1.58200827574,-0.218674090084,-0.856916455575,1.58200664431,-0.21867409009,-1.30106208545
1489188046705310097,1089,0,,1.72717540686,-0.120284480621,0.276273807101,1.67547929203,-0.116463267008,0.0616664988211,1.62888775293,-0.113727819557,-0.164513810997,1.67658282574,0.0465199828958,0.0634104065086,1.67658171636,0.0465198036009,-0.238608666976,1.67658060696,0.0465249534382,-0.540627435284,1.67437575831,-0.279446516913,0.0599225911337,1.56983296236,-0.422184327679,-0.201935697955,1.46962613002,-0.139046084917,-0.230205059493,1.58301787242,-0.00440931491226,-0.389553666314,1.58301617572,-0.00440931491849,-0.851465165335,1.58301454428,-0.00440931492449,-1.29561079521,1.58157455524,-0.217575428347,-0.391834544799,1.58157285855,-0.217575428353,-0.853746043819,1.58157122711,-0.217575428359,-1.2978916737
1489188046805668250,1090,0,,1.72509178075,-0.12300065191,0.271393779354,1.67435635532,-0.117775862686,0.0571133718424,1.62816434687,-0.113614495188,-0.169134322256,1.67384319486,0.045190657647,0.0602156839058,1.67384208548,0.0451904783522,-0.241803389578,1.67384097609,0.0451956281894,-0.543822188405,1.67486951577,-0.280742383019,0.054011059779,1.57347590334,-0.42092659335,-0.201592770052,1.47802586306,-0.134705691514,-0.205489682021,1.58163674933,-0.00288102542211,-0.393353282823,1.58163505263,-0.00288102542834,-0.855264720808,1.5816334212,-0.00288102543433,-1.29941035069,1.58230792751,-0.216025239496,-0.397410780403,1.58230623081,-0.216025239502,-0.859322218388,1.58230459937,-0.216025239508,-1.30346784827
1489188046904855546,1091,0,,1.72459836392,-0.122466001013,0.269579785805,1.67461428207,-0.117326482771,0.0554354534145,1.62859426805,-0.11246906209,-0.17083511424,1.67307304812,0.0456204109827,0.0592470435462,1.67307193875,0.0456202316878,-0.242772029938,1.67307082935,0.045625381525,-0.544790813505,1.67615551602,-0.280273384155,0.0516238632827,1.57793821235,-0.428292848932,-0.201133252751,1.48626719138,-0.141476535266,-0.180304943616,1.58156630342,-0.00105237139161,-0.394613109225,1.58156460672,-0.00105237139784,-0.856524608245,1.58156297528,-0.00105237140384,-1.30067023812,1.58358220465,-0.214170910474,-0.399598285084,1.58358050796,-0.21417091048,-0.861509723069,1.58357887652,-0.214170910486,-1.30565535295
1489188047004679452,1092,0,,1.72471787434,-0.123592000024,0.269431958218,1.67453896319,-0.117143148697,0.0552106459519,1.62869301956,-0.111798453207,-0.171084351664,1.67227495282,0.0457829446722,0.0595174474788,1.67227384344,0.0457827653773,-0.242501626006,1.67227273404,0.0457879152146,-0.544520424832,1.67680297357,-0.280069249696,0.050903844425,1.57735093127,-0.424500797866,-0.197562556624,1.48707410845,-0.137923187575,-0.167957320848,1.5813664703,9.19083080233e-05,-0.394562907075,1.5813647736,9.1908301791e-05,-0.856474375577,1.58136314216,9.19082957985e-05,-1.30062006649,1.58432768155,-0.212999414206,-0.400195791484,1.58432598486,-0.212999414212,-0.862107259987,1.58432435342,-0.212999414218,-1.30625288987
1489188047104915205,1093,0,,1.72511300901,-0.122842898842,0.268293590067,1.67484607538,-0.114456807237,0.0533465090816,1.62964380402,-0.107990008553,-0.173048405449,1.67292960192,0.0484533381596,0.0583826489315,1.67292849255,0.0484531588648,-0.243636424553,1.67292738315,0.048458308702,-0.545655192861,1.67676254884,-0.277366979337,0.0483103692316,1.58184035902,-0.437256976444,-0.197287701289,1.50297320989,-0.147751406762,-0.163197369483,1.58318822374,0.00501205097461,-0.396149919382,1.58318652704,0.00501205096838,-0.858061357367,1.5831848956,0.00501205096239,-1.30220698725,1.58569484157,-0.208058460697,-0.402736720578,1.58569314487,-0.208058460704,-0.864648158564,1.58569151344,-0.20805846071,-1.30879378844
1489188047204617488,1094,0,,1.72448972437,-0.123269224068,0.269601880931,1.67595606583,-0.11436947711,0.0548200157465,1.63188062067,-0.10676981601,-0.171760480316,1.67444340368,0.0485210011908,0.0605778338007,1.67444229431,0.048520821896,-0.241441239684,1.67444118491,0.0485259717332,-0.543460007992,1.67746872797,-0.277259951596,0.0490621976924,1.58174795504,-0.43931309861,-0.198459041892,1.50503985876,-0.149133784425,-0.164993428099,1.58681590647,0.0073522294381,-0.394575652922,1.58681420977,0.00735222943187,-0.856487151942,1.58681257834,0.00735222942587,-1.30063278182,1.58879444457,-0.205692528291,-0.402106299835,1.58879274787,-0.205692528298,-0.864017798855,1.58879111644,-0.205692528304,-1.30816342874
1489188047304940856,1095,0,,1.72496397336,-0.124026668615,0.270431163857,1.67673267787,-0.114238813247,0.0551444147494,1.63251904346,-0.105010696539,-0.171347762934,1.67564567905,0.0486124858622,0.0619918766257,1.67564456967,0.0486123065673,-0.240027196859,1.67564346028,0.0486174564046,-0.542045949908,1.67781967668,-0.277090089467,0.048296952873,1.58511078155,-0.444473669753,-0.194487725508,1.50571587054,-0.153896202596,-0.173461036173,1.5875945851,0.0107141807885,-0.393362032735,1.58759288841,0.0107141807823,-0.855273531756,1.58759125697,0.0107141807763,-1.29941916164,1.58901623301,-0.202279349986,-0.402317848501,1.58901453632,-0.202279349993,-0.864229347522,1.58901290488,-0.202279349999,-1.3083749774
1489188047404809736,1096,0,,1.72541843951,-0.124018701858,0.269995676348,1.67752514812,-0.112079432284,0.0545234096411,1.63393967985,-0.100781504309,-0.171993764247,1.67854569739,0.0507202578976,0.0624470814274,1.67854458802,0.0507200786028,-0.239571992057,1.67854347862,0.05072522844,-0.541590760365,1.67650459885,-0.27487912628,0.0465997378549,1.58470403377,-0.44320322447,-0.195803092667,1.50170937544,-0.153281928983,-0.17975243381,1.59102156416,0.0169794273701,-0.393329238927,1.59101986747,0.0169794273638,-0.85524070743,1.59101823603,0.0169794273579,-1.29938633731,1.589686859,-0.19594659911,-0.403692637342,1.5896851623,-0.195946599116,-0.865604105844,1.58968353086,-0.195946599122,-1.30974973572
1489188047505010124,1097,0,,1.72576011274,-0.124797654155,0.268788369185,1.67754516466,-0.112309488973,0.0534793879612,1.63390866835,-0.100243433744,-0.172992451877,1.67887626271,0.0504648994622,0.0618953986946,1.67887515334,0.0504647201673,-0.24012367479,1.67887404394,0.0504698700046,-0.542142458357,1.67621406661,-0.275083869779,0.0450633772277,1.58218862949,-0.442657457343,-0.201635389335,1.49951083393,-0.152395615037,-0.193889602248,1.59114265086,0.0182690758709,-0.393960617545,1.59114095416,0.0182690758647,-0.855872055531,1.59113932272,0.0182690758587,-1.30001768541,1.5894016932,-0.194623830992,-0.404967935366,1.58939999651,-0.194623830999,-0.866879373352,1.58939836507,-0.194623831005,-1.31102500323
1489188047604775874,1098,0,,1.73076865929,-0.123880239212,0.270149160113,1.67976489281,-0.111129808579,0.0550910131084,1.63453464797,-0.0991562122062,-0.171072364454,1.68129862717,0.0516505162702,0.0634023630634,1.6812975178,0.0516503369753,-0.238616710421,1.6812964084,0.0516554868126,-0.540635448212,1.67823115845,-0.273910125798,0.0467796631535,1.58011440393,-0.440962274532,-0.201793035525,1.4915797215,-0.152829726201,-0.216690461177,1.59030745004,0.0192677204929,-0.391800519263,1.59030575335,0.0192677204866,-0.853712018283,1.59030412191,0.0192677204806,-1.29785764816,1.58830135621,-0.193632944531,-0.402670964772,1.58829965951,-0.193632944537,-0.864582433275,1.58829802807,-0.193632944543,-1.30872812419
1489188047704930332,1099,0,,1.72992894563,-0.12362062926,0.272593804311,1.68009753549,-0.10940560234,0.0571083306121,1.63591818871,-0.096136828462,-0.169190854034,1.68218571642,0.0533244163182,0.0662422798489,1.68218460704,0.0533242370234,-0.235776793635,1.68218349764,0.0533293868606,-0.537795546685,1.67800935456,-0.272135620997,0.0479743813754,1.58023036939,-0.440480340512,-0.201674734559,1.48432867917,-0.156648112211,-0.238414280979,1.59310443978,0.0235493774953,-0.389516899166,1.59310274308,0.0235493774891,-0.851428337151,1.59310111164,0.0235493774831,-1.29557396703,1.59037324409,-0.189285494294,-0.401463178193,1.59037154739,-0.1892854943,-0.863374616178,1.59036991595,-0.189285494306,-1.30752024606
1489188047805163279,1100,0,,1.73056236571,-0.122611547953,0.272846823225,1.68082153058,-0.107538511362,0.0579031887926,1.63699765009,-0.093626730808,-0.168422791592,1.68316300902,0.0551643742842,0.0674509707171,1.68316189964,0.0551641949894,-0.234568102767,1.68316079025,0.0551693448266,-0.536586871076,1.67848005213,-0.270241423712,0.0483554068681,1.58101430221,-0.440702963365,-0.202639840588,1.48494755725,-0.157435982252,-0.244210868335,1.59470501791,0.0266847555365,-0.388505003189,1.59470332122,0.0266847555302,-0.85041650221,1.59470168978,0.0266847555242,-1.29456213209,1.59164252128,-0.186114652229,-0.400992540766,1.59164082458,-0.186114652235,-0.862904039786,1.59163919314,-0.186114652241,-1.30704966967
1489188047904721138,1101,0,,1.73066112017,-0.122902181746,0.272440450792,1.68070263394,-0.107673903034,0.0577267518514,1.63674447243,-0.0926689756954,-0.168506317274,1.68350261122,0.0549785692572,0.0679707906366,1.68350150185,0.0549783899624,-0.234048282848,1.68350039245,0.0549835397996,-0.536067035897,1.67790265666,-0.27032638677,0.0474827130661,1.58076161532,-0.440024039733,-0.202327782165,1.48551468981,-0.156626623479,-0.245065347347,1.59461736572,0.028702691921,-0.388040281188,1.59461566903,0.0287026919148,-0.849951780208,1.59461403759,0.0287026919088,-1.29409741009,1.59095525613,-0.18403077719,-0.40143849161,1.59095355943,-0.184030777196,-0.863349960113,1.59095192799,-0.184030777202,-1.30749558999
1489188048004941992,1102,0,,1.73032701523,-0.121256751455,0.274497428337,1.68051879376,-0.105062072045,0.059716162927,1.63725410899,-0.0888241862258,-0.166565340142,1.68466557537,0.057520661084,0.0705903542359,1.684664466,0.0575204817892,-0.231428719248,1.6846633566,0.0575256316264,-0.533447472298,1.67637201215,-0.267644812803,0.0488419716182,1.58211502237,-0.442224687838,-0.200854169583,1.48549857961,-0.159923376468,-0.247524652097,1.59670121801,0.0337348307706,-0.385735662377,1.59669952131,0.0337348307643,-0.847647100363,1.59669788988,0.0337348307583,-1.29179273024,1.59127763044,-0.178907423955,-0.399958024044,1.59127593374,-0.178907423961,-0.861869492547,1.59127430231,-0.178907423967,-1.30601512243
1489188048104529452,1103,0,,1.72597471582,-0.12037573259,0.274154976062,1.67810375223,-0.10529010063,0.0588149419396,1.63588765581,-0.090538241538,-0.16776357731,1.68131303032,0.0573681180992,0.068807346531,1.68131192095,0.0573679388044,-0.233211726953,1.68131081155,0.0573730886416,-0.535230480003,1.67489447413,-0.267948315544,0.0488225373482,1.58089967884,-0.440763419108,-0.202521386188,1.48622989704,-0.157370364748,-0.24655418054,1.59577031377,0.0305841048475,-0.387807558372,1.59576861707,0.0305841048412,-0.849718996357,1.59576698564,0.0305841048353,-1.29386462624,1.59157280502,-0.182156873554,-0.400876634748,1.59157110832,-0.182156873561,-0.862788072733,1.59156947688,-0.182156873567,-1.30693370261
1489188048204777612,1104,0,,1.72463486161,-0.119343404138,0.272340283718,1.67675254609,-0.10427098633,0.0571518762241,1.63447346246,-0.0898228536662,-0.169438346285,1.68051614425,0.0583959853504,0.066821967378,1.68051503488,0.0583958060555,-0.235197106106,1.68051392548,0.0584009558927,-0.537215889674,1.67298894792,-0.266937977085,0.0474817850702,1.58021583977,-0.439760125722,-0.20184076539,1.48693021004,-0.155982148065,-0.246357573616,1.59465555917,0.0310014972982,-0.389704801592,1.59465386248,0.0310014972919,-0.851616270095,1.59465223104,0.0310014972859,-1.29576196101,1.5897331985,-0.181750935487,-0.402352335998,1.5897315018,-0.181750935494,-0.864263773984,1.58972987036,-0.1817509355,-1.30840940386
1489188048304684468,1105,0,,1.72497470972,-0.121650150326,0.271221019775,1.67548716714,-0.105670389782,0.0562722879766,1.63235346859,-0.0908571479524,-0.170133391599,1.67898904772,0.0569857243089,0.0662475253555,1.67898793834,0.056985545014,-0.235771548129,1.67898682894,0.0569906948513,-0.537790346955,1.67198528656,-0.268326500058,0.0462970505977,1.57942543204,-0.440141659387,-0.202890414586,1.48623686314,-0.15563602024,-0.242617489282,1.59150980856,0.0303251933237,-0.39001573364,1.59150811187,0.0303251933175,-0.851927232661,1.59150648043,0.0303251933115,-1.29607286254,1.58692973152,-0.182413009384,-0.403062408708,1.58692803483,-0.18241300939,-0.864973846694,1.58692640339,-0.182413009396,-1.30911947657
1489188048405095127,1106,0,,1.72503612059,-0.122439754288,0.273019115252,1.67439025233,-0.106105215894,0.0582934559462,1.63123067336,-0.09084551725,-0.16807837954,1.67808756908,0.0555247949416,0.067677277202,1.6780864597,0.0555246156468,-0.234341796282,1.6780853503,0.055529765484,-0.536360534073,1.67098444047,-0.269750911694,0.047159908278,1.57923355397,-0.442477414486,-0.200745363832,1.48620379506,-0.158058200538,-0.241506496729,1.59140117288,0.0296781420672,-0.388785447597,1.59139947618,0.0296781420609,-0.850696885582,1.59139784475,0.0296781420549,-1.29484251546,1.58675615299,-0.183036209484,-0.40220278893,1.58675445629,-0.183036209491,-0.864114226915,1.58675282485,-0.183036209497,-1.3082598568
1489188048505099618,1107,0,,1.72485399647,-0.121791454786,0.274969189163,1.67338721117,-0.106121645665,0.061163515783,1.62988522419,-0.0905618841916,-0.165122014735,1.67714763859,0.0564984395604,0.0716227915188,1.67714652921,0.0564982602655,-0.230396281965,1.67714541981,0.0565034101028,-0.532415035015,1.66962678376,-0.26874173089,0.0507042400471,1.58082197299,-0.444184226279,-0.191529915565,1.48452729779,-0.162297586579,-0.241279226166,1.58884234436,0.0313434196859,-0.384567695278,1.58884064767,0.0313434196797,-0.84647916378,1.58883901623,0.0313434196737,-1.2906248547,1.58392413006,-0.18134766703,-0.398247395227,1.58392243337,-0.181347667037,-0.860158894247,1.58392080193,-0.181347667043,-1.30430452413
1489188048605136356,1108,0,,1.7244618016,-0.12415166283,0.277249708182,1.67278920419,-0.107997303989,0.0635018053331,1.62972971673,-0.0909558361789,-0.162761464237,1.67605049062,0.0545540805193,0.0751242298751,1.67604938124,0.0545539012245,-0.226894843609,1.67604827185,0.0545590510617,-0.528913627176,1.66952791777,-0.270548707571,0.0518793807912,1.57822370962,-0.443052918684,-0.189520857559,1.48635386738,-0.158080233678,-0.228486340419,1.58880292337,0.0323862795722,-0.381424231998,1.58880122667,0.032386279566,-0.843335669983,1.58879959524,0.03238627956,-1.28748129986,1.58453753518,-0.180215004865,-0.396625235615,1.58453583848,-0.180215004871,-0.858536704118,1.58453420705,-0.180215004877,-1.302682334
1489188048705199109,1109,0,,1.72457594159,-0.124763738217,0.277794446532,1.6723690382,-0.106726637503,0.0647795931314,1.62928305932,-0.0890425687765,-0.161429644969,1.67683625826,0.0557796044933,0.0766329550161,1.67683514888,0.0557794251984,-0.225386118468,1.67683403949,0.0557845750357,-0.527404902035,1.66790181814,-0.269232887128,0.0529262312466,1.57704440998,-0.444889653973,-0.185462412066,1.486398449,-0.159207064569,-0.222546032966,1.58911834942,0.0349126059567,-0.379887367922,1.58911665273,0.0349126059505,-0.841798805908,1.58911502129,0.0349126059445,-1.28594443579,1.58327581147,-0.177629606057,-0.395390398217,1.58327411477,-0.177629606064,-0.857301836202,1.58327248334,-0.17762960607,-1.30144746608
1489188048805262691,1110,0,,1.72422573217,-0.12611270038,0.279251204411,1.6726063551,-0.107992681248,0.0668371941884,1.62960130718,-0.089836589214,-0.159350514058,1.67677450443,0.0544927008851,0.0790875908631,1.67677339505,0.0544925215902,-0.222931482621,1.67677228565,0.0544976714275,-0.52495025093,1.66843820577,-0.270478063381,0.0545867975137,1.5741874804,-0.44619746476,-0.185678633871,1.48616688773,-0.159497684316,-0.221173092052,1.58932209468,0.0345769820103,-0.377527078143,1.58932039798,0.034576982004,-0.839438577164,1.58931876654,0.034576981998,-1.28358420704,1.58387042386,-0.177937968741,-0.393549396983,1.58386872716,-0.177937968748,-0.855460896003,1.58396670363,-0.177323329105,-1.29939095008
1489188048904651677,1111,0,,1.72239662128,-0.124894155463,0.277929220163,1.67060183513,-0.107845258191,0.0660665106334,1.62736888144,-0.089490543337,-0.160058498412,1.67496322219,0.0546272653073,0.0784208342107,1.67496211281,0.0546270860125,-0.223598239274,1.67496100341,0.0546322358497,-0.525616992323,1.66624044806,-0.270317762616,0.0537121870562,1.57275999369,-0.447433615023,-0.185955072109,1.48629421052,-0.160189761485,-0.220924023306,1.58698810621,0.0351132168758,-0.378104401113,1.58698640952,0.0351132168695,-0.840015839098,1.58698477808,0.0351132168635,-1.28416146898,1.58128374928,-0.177384877657,-0.394262644317,1.58128205259,-0.177384877663,-0.856174143338,1.58128042115,-0.177384877669,-1.30031977322
1489188049005038928,1112,0,,1.72402541402,-0.125366737065,0.279789016426,1.67112698606,-0.107503215246,0.0676202349007,1.62798949225,-0.0894355254934,-0.158548414632,1.6755290217,0.0549842887174,0.0797612862339,1.67552791232,0.0549841094226,-0.22225778725,1.67552680292,0.0549892592598,-0.5242765403,1.66672495042,-0.269990703951,0.0554791835676,1.57094333248,-0.44313946276,-0.184605837531,1.48679955832,-0.15560153331,-0.22267870961,1.58773066561,0.0348910173023,-0.376777438509,1.58772896892,0.0348910172961,-0.838688937529,1.58772733748,0.0348910172901,-1.28283456741,1.58197333127,-0.177626696413,-0.392656689819,1.58197163457,-0.177626696419,-0.854568188839,1.58197000313,-0.177626696425,-1.29871381872
1489188049104591322,1113,0,,1.72532815353,-0.124064036052,0.28248823039,1.67221402808,-0.107577315562,0.0691482460446,1.6284188212,-0.0898988188993,-0.156925262522,1.675179296,0.0549417077819,0.0812826345645,1.67517818662,0.0549415284871,-0.22073643892,1.67517707722,0.0549466783243,-0.522755176711,1.66924851602,-0.270096346537,0.0570138575255,1.57668186958,-0.444957740021,-0.183237419889,1.48373985078,-0.162074048211,-0.233277849983,1.58656295036,0.0340591419803,-0.375063475479,1.58656125366,0.0340591419741,-0.836974943982,1.58655962222,0.0340591419681,-1.28112057386,1.58268452244,-0.178499801711,-0.390934066699,1.58268282575,-0.178499801717,-0.852845535202,1.58268119431,-0.178499801723,-1.29699116508
1489188049204927784,1114,0,,1.72567910329,-0.123326218906,0.282575509375,1.67249503139,-0.106591337357,0.0694393979665,1.62865429321,-0.0891776571457,-0.156646180135,1.67558529846,0.0559416634969,0.0813590185712,1.67558418909,0.055941484202,-0.220660054913,1.67558307969,0.0559466340393,-0.522678823222,1.66940452017,-0.269124330583,0.0575197773626,1.57794992247,-0.444261751477,-0.186220990831,1.48039547282,-0.163484582957,-0.239480565969,1.58683467763,0.0345246199682,-0.374936920081,1.58683298093,0.034524619962,-0.836848358066,1.58683134949,0.034524619956,-1.28099398795,1.58279267659,-0.178052566206,-0.390526596393,1.5827909799,-0.178052566212,-0.852438064896,1.58278934846,-0.178052566218,-1.29658369478
1489188049304953414,1115,0,,1.72460684025,-0.122384808965,0.284222119759,1.67259305418,-0.105613591941,0.0705081079335,1.62984765286,-0.0884079689244,-0.155802526071,1.67502768148,0.0569327007248,0.0824062770891,1.67502657211,0.0569325214299,-0.219612796395,1.67502546271,0.0569376712671,-0.521631579962,1.67015842688,-0.268159880792,0.058609938778,1.575570853,-0.441670176964,-0.194830524939,1.48152740516,-0.158538167666,-0.241523981382,1.58869441896,0.0350949583729,-0.374332343172,1.58869272227,0.0350949583667,-0.836243811675,1.58869109083,0.0350949583607,-1.28038950259,1.58551008411,-0.177499654003,-0.38989397698,1.58550838742,-0.177499654009,-0.851805445483,1.58550675598,-0.177499654015,-1.2959511364
1489188049405099495,1116,0,,1.72406496179,-0.121887588055,0.282447707687,1.67273794742,-0.106535168863,0.068437962748,1.63034057078,-0.0900533223384,-0.15799219463,1.67339266671,0.0560394337632,0.0801493556046,1.67339155733,0.0560392544684,-0.22186971788,1.67339044794,0.0560444043056,-0.523888470929,1.67208322814,-0.269109763859,0.0567265698914,1.57976935099,-0.444399348553,-0.194385334673,1.48398493348,-0.162095073922,-0.242687839286,1.58837129855,0.0327443445456,-0.376763677434,1.58836960185,0.0327443445394,-0.838675145937,1.58836797042,0.0327443445334,-1.28282077582,1.58751508973,-0.179887296174,-0.392081026581,1.58751339304,-0.17988729618,-0.853992525602,1.5875117616,-0.179887296186,-1.29813815548
1489188049505014137,1117,0,,1.72070179327,-0.120242825018,0.281547787179,1.67177895395,-0.10493858425,0.0675570153428,1.63004759556,-0.0893578430679,-0.159057318065,1.67234944222,0.0576799977108,0.0786328799444,1.67234833284,0.0576798184159,-0.22338619354,1.67234722345,0.0576849682532,-0.52540494659,1.67120846567,-0.267557154767,0.0564811507412,1.58339703977,-0.446352460228,-0.195459017431,1.4844049888,-0.16492344152,-0.242418187509,1.58868928625,0.0325674696455,-0.378428565077,1.58868758955,0.0325674696393,-0.840340064097,1.58868595811,0.0325674696333,-1.28448569398,1.58794318812,-0.18012168486,-0.392914707353,1.58794149142,-0.180121684867,-0.854826145338,1.58793985998,-0.180121684873,-1.29897177522
1489188049605208635,1118,0,,1.71970386856,-0.11916436799,0.282652923901,1.6715119898,-0.105568292567,0.0679152163967,1.6312360778,-0.0908593340637,-0.159014735151,1.66998091458,0.0570594674653,0.0787281797822,1.6699798052,0.0570592881704,-0.223290893702,1.6699786958,0.0570644380077,-0.525309662011,1.67304306503,-0.268196033527,0.0571022530112,1.58080153784,-0.44051668485,-0.201315010705,1.48523687099,-0.156904029285,-0.241747246351,1.58995894663,0.0302002028859,-0.378873546547,1.58995724993,0.0302002028797,-0.84078501505,1.58995561849,0.0302002028737,-1.28493064493,1.59196138496,-0.18250095782,-0.393015826849,1.59195968826,-0.182500957827,-0.854927295352,1.59195805683,-0.182500957833,-1.29907298627
1489188049705031979,1119,0,,1.71725244581,-0.117668672344,0.282314615035,1.67078456492,-0.104561909436,0.0667734191419,1.63190159846,-0.0904717049711,-0.16044563054,1.66951044569,0.0581057952354,0.0770788895181,1.66950933631,0.0581056159406,-0.224940183966,1.66950822692,0.0581107657778,-0.526958952275,1.67205868415,-0.267229636996,0.0564679487657,1.58051014882,-0.440125297981,-0.202877814811,1.48569389993,-0.155989751483,-0.241462671613,1.59218538027,0.0299951901595,-0.380925404091,1.59218368358,0.0299951901533,-0.842836903111,1.59218205214,0.0299951901473,-1.28698253299,1.59385188374,-0.182758198801,-0.394403956352,1.59385018704,-0.182758198807,-0.856315424854,1.5938485556,-0.182758198813,-1.30046105473
1489188049805204619,1120,0,,1.71707775996,-0.117209787793,0.281893473098,1.67129860243,-0.104893976945,0.0662835490897,1.63220311558,-0.091932610846,-0.160968001032,1.67032111071,0.0578284468338,0.0757328019456,1.67032000133,0.0578282675389,-0.226286271539,1.67031889194,0.0578334173762,-0.528305024588,1.67227609414,-0.267616415982,0.0568342962337,1.5849020103,-0.443179236927,-0.201637154063,1.48683466295,-0.160334748513,-0.241464277976,1.59246834454,0.0274412284914,-0.382040212259,1.59246664785,0.0274412284851,-0.843951650244,1.59246501641,0.0274412284791,-1.28809728012,1.59374691293,-0.185383702727,-0.394398890048,1.59374521623,-0.185383702733,-0.856310358551,1.5937435848,-0.185383702739,-1.30045604947
1489188049905165971,1121,0,,1.71699169178,-0.11720082357,0.279559336451,1.67059510369,-0.103904668311,0.0652249884413,1.63072996356,-0.0908109655614,-0.161885079361,1.66919610389,0.0588045741406,0.0748514584217,1.66919499451,0.0588043948458,-0.227167615063,1.66919388511,0.058809544683,-0.529186368112,1.6719941035,-0.266613914577,0.0555985184609,1.59586166644,-0.450945523574,-0.192683764144,1.49166282821,-0.171895888005,-0.24206460699,1.58994990493,0.0286865843834,-0.382699901494,1.58994820823,0.0286865843772,-0.844611369997,1.5899465768,0.0286865843712,-1.28875706091,1.59177974193,-0.184121121452,-0.395290392832,1.59177804524,-0.184121121458,-0.857201891852,1.5917764138,-0.184121121464,-1.30134752173
1489188050005775418,1122,0,,1.71713427075,-0.115406473376,0.281583200674,1.67136341692,-0.103285212058,0.0665738930898,1.63200096555,-0.0912062398234,-0.16067640483,1.66967803752,0.0594587812331,0.0755162515734,1.66967692814,0.0594586019383,-0.226502821911,1.66967581875,0.0594637517755,-0.528521574961,1.67304879632,-0.266029224423,0.0576315346063,1.59937537691,-0.4533009489,-0.184532898144,1.49063000416,-0.17810808052,-0.244775174486,1.59153633809,0.0272993297737,-0.382078844089,1.59153464139,0.0272993297675,-0.84399034311,1.59153300995,0.0272993297615,-1.28813597299,1.59374069026,-0.185553853506,-0.39377459193,1.59373899357,-0.185553853513,-0.855686029915,1.59373736213,-0.185553853519,-1.29983165979
1489188050105029603,1123,0,,1.71751464363,-0.117613526117,0.279863686337,1.67068677569,-0.103941495061,0.0644234744327,1.63060056655,-0.0909006724576,-0.162649269559,1.66938994853,0.0587714976127,0.0739971791453,1.66938883915,0.0587713183178,-0.228021894339,1.66938772975,0.058776468155,-0.530040677906,1.67198360285,-0.266654472477,0.0548497697201,1.59469897968,-0.452398011976,-0.185162992661,1.49079856614,-0.175647478094,-0.24697596551,1.58966633331,0.0285464656966,-0.383461283509,1.58966463662,0.0285464656903,-0.84537278253,1.58966300518,0.0285464656843,-1.28951841241,1.59136238152,-0.184266173033,-0.395982743594,1.59136068483,-0.18426617304,-0.857894212097,1.59135905339,-0.184266173046,-1.30203990301
1489188050204771496,1124,0,,1.71659436742,-0.119393635088,0.281315929708,1.6706058552,-0.105713475644,0.0659540380845,1.63083910222,-0.0921981721918,-0.161148904225,1.66847663249,0.0569607833509,0.0760080620167,1.66847552311,0.056960604056,-0.226011011468,1.66847441371,0.0569657538933,-0.528029810294,1.67273507792,-0.268387746084,0.0559000141522,1.59019286983,-0.450639910852,-0.185127606236,1.48997714463,-0.172452351717,-0.246606974456,1.58967989279,0.0276981037774,-0.381676981801,1.58967819609,0.0276981037711,-0.843588480822,1.58967656465,0.0276981037651,-1.2877341107,1.59246480569,-0.185063837441,-0.394826711266,1.592463109,-0.185063837447,-0.856738149252,1.59246147756,-0.185063837453,-1.30088377913
1489188050304934528,1125,0,,1.7166292917,-0.119975826427,0.284046306777,1.67105166746,-0.106711635323,0.0680795552458,1.63182580769,-0.0931978405034,-0.159116650769,1.66831355842,0.0559479920719,0.0782275602964,1.66831244905,0.0559478127771,-0.223791513188,1.66831133965,0.0559529626143,-0.525810266238,1.67378977649,-0.269371262717,0.0579315501951,1.58294136705,-0.446069808093,-0.190886124522,1.48547674263,-0.166482611167,-0.250379968179,1.59080942045,0.0266873638315,-0.379676558704,1.59080772375,0.0266873638253,-0.841587996689,1.59080609232,0.0266873638193,-1.28573362657,1.59439047541,-0.186055453292,-0.392949154863,1.59438877871,-0.186055453299,-0.854860592848,1.59438714728,-0.186055453305,-1.29900622273
1489188050404726833,1126,0,,1.71689907564,-0.120853091367,0.285498210083,1.67120352735,-0.106672083984,0.0693229934087,1.63157861793,-0.0925624272879,-0.157768642659,1.66961812914,0.0559883525463,0.0797061931998,1.66961701976,0.0559881732514,-0.222312880285,1.66961591036,0.0559933230886,-0.524331633334,1.67278892556,-0.269332539587,0.0589397936176,1.57532233251,-0.44298603481,-0.192155246316,1.47875834311,-0.162991485943,-0.251171050679,1.59091696577,0.0279191852867,-0.378070174822,1.59091526907,0.0279191852805,-0.839981673842,1.59091363764,0.0279191852745,-1.28412730372,1.59299045125,-0.184824715027,-0.391650382631,1.59298875455,-0.184824715033,-0.853561881651,1.59298712311,-0.184824715039,-1.29770751153
1489188050505202476,1127,0,,1.71785951978,-0.120416007455,0.284551978527,1.6707211054,-0.107339032167,0.0686365022608,1.62987525037,-0.0934797461668,-0.158253972706,1.66944564285,0.0553382359459,0.0788031786966,1.66944453348,0.055338056651,-0.223215894788,1.66944342408,0.0553432064883,-0.525234647837,1.67199656795,-0.270016319353,0.0584698258249,1.5670530451,-0.440913006103,-0.190162433349,1.47683866037,-0.158609199293,-0.248150779955,1.58819528877,0.0267624827846,-0.378495946075,1.58819359207,0.0267624827783,-0.840407445095,1.58819196063,0.0267624827723,-1.28455307497,1.58986350193,-0.186003406933,-0.39179294927,1.58986180523,-0.186003406939,-0.85370444829,1.58986017379,-0.186003406945,-1.29785007817
1489188050605140454,1128,0,,1.71863259312,-0.120774425941,0.284752994975,1.6708297487,-0.106683300567,0.0694878812562,1.62962012402,-0.0927153733246,-0.157327000333,1.67108687816,0.0560084118048,0.0794603381954,1.67108576878,0.05600823251,-0.222558735289,1.67108465939,0.0560133823472,-0.524577488339,1.67057261924,-0.269374997679,0.0595154243171,1.56666257567,-0.445054181853,-0.185185457427,1.47593671169,-0.163257579071,-0.244944355744,1.58857871159,0.0276449552775,-0.377620398167,1.5885770149,0.0276449552713,-0.839531836152,1.58857538346,0.0276449552653,-1.28367746603,1.58824228708,-0.18513985698,-0.390663365678,1.58824059039,-0.185139856986,-0.852574803663,1.58823895895,-0.185139856992,-1.29672043354
1489188050704609809,1129,0,,1.71719289608,-0.120603502275,0.284985055927,1.67002604083,-0.106965049429,0.0700405117719,1.62956800291,-0.0931014590263,-0.15691913271,1.67091634825,0.055737499008,0.07982049202,1.67091523887,0.0557373197131,-0.222198581464,1.67091412948,0.0557424695504,-0.524217319255,1.6691357334,-0.269667605496,0.0602605315238,1.56774729504,-0.443192178357,-0.182621511826,1.47710393269,-0.162776800858,-0.248634698166,1.58969211719,0.0271616009841,-0.37748313419,1.5896904205,0.0271616009779,-0.83939463321,1.58968878906,0.0271616009719,-1.28354026309,1.5885278128,-0.185637338231,-0.390274389676,1.58852611611,-0.185637338237,-0.852185888696,1.58852448467,-0.185637338243,-1.29633151858
1489188050804999313,1130,0,,1.71598684371,-0.121263586661,0.284954603814,1.66950358032,-0.107675149615,0.0694471146432,1.629456064,-0.0936404303848,-0.157575260228,1.66990792662,0.0550177840001,0.0794337617154,1.66990681724,0.0550176047053,-0.222585311769,1.66990570785,0.0550227545425,-0.524604095336,1.66909923401,-0.270368075601,0.059460467571,1.5702632825,-0.443416961596,-0.183867385936,1.47859208861,-0.163383301739,-0.250130293842,1.58967295138,0.0267874782941,-0.378066874354,1.58967125469,0.0267874782879,-0.839978373374,1.58966962325,0.0267874782819,-1.28412400325,1.589144144,-0.185998908232,-0.391128395846,1.5891424473,-0.185998908239,-0.853039894867,1.58914081587,-0.185998908244,-1.29718552475
1489188050904504909,1131,0,,1.715890286,-0.121586958903,0.284606001874,1.66927774955,-0.107626741936,0.069309435419,1.62900782106,-0.0935293556763,-0.157669756263,1.66903585625,0.0550563931626,0.0794565462907,1.66903474687,0.0550562138677,-0.222562527194,1.66903363748,0.055061363705,-0.52458132602,1.66951964286,-0.270309877035,0.0591623245472,1.57106113418,-0.446069821214,-0.18648881831,1.47939642226,-0.165074613482,-0.248456667036,1.58857968925,0.0269548269547,-0.378013220436,1.58857799255,0.0269548269485,-0.839924658421,1.58857636112,0.0269548269425,-1.2840702883,1.58889609589,-0.18581876388,-0.391284644935,1.58889439919,-0.185818763886,-0.853196143955,1.58876459256,-0.185201561604,-1.29709543547
1489188051004717237,1132,0,,1.71646791592,-0.120864079278,0.283478955075,1.6688179069,-0.107772281956,0.0681338999987,1.62795874685,-0.0940934540732,-0.158763792326,1.66804024624,0.0549184614965,0.078082114523,1.66803913686,0.0549182822016,-0.223936958961,1.66803802747,0.0549234320388,-0.525955712011,1.66959556757,-0.270463044481,0.0581856854744,1.57157735194,-0.445405665265,-0.19061465944,1.48007940385,-0.163191828991,-0.247064442372,1.58659104118,0.025977129907,-0.379155852291,1.58658934449,0.0259771299007,-0.841067351312,1.58658771305,0.0259771298947,-1.28521298119,1.58760813241,-0.186806363215,-0.392167147528,1.58760643571,-0.186806363221,-0.854078585514,1.58760480427,-0.186806363227,-1.29822421539
1489188051105277889,1133,0,,1.72013979453,-0.121049879695,0.284275480894,1.67046244225,-0.107421354284,0.0696012096318,1.62857349778,-0.0937557061486,-0.157108399076,1.66936166171,0.0552659089772,0.0796112539563,1.66936055234,0.0552657296824,-0.222407819528,1.66935944294,0.0552708795196,-0.524426603095,1.6715632228,-0.270108636619,0.0595911653073,1.57848899397,-0.446292267075,-0.185801498182,1.48077778076,-0.167345726572,-0.247775168814,1.58596470414,0.0262994390077,-0.377271938858,1.58596300745,0.0262994390014,-0.839183437878,1.58596137601,0.0262994389954,-1.28332906776,1.58740440248,-0.186479551219,-0.390364107229,1.58740270578,-0.186479551226,-0.85227560625,1.58740107435,-0.186479551232,-1.29642123613
1489188051204938613,1134,0,,1.71711403482,-0.120931726746,0.283611032779,1.66934134408,-0.107386804874,0.0684319022264,1.62870203071,-0.0931840656618,-0.158473466077,1.66843392421,0.0552816183075,0.0787765253084,1.66843281484,0.0552814390127,-0.223242548176,1.66843170544,0.0552865888499,-0.525261316484,1.67024876395,-0.270055235685,0.0580872791444,1.57816721377,-0.446451173286,-0.186738325614,1.48084369893,-0.167078422863,-0.24745304076,1.58746933386,0.0273958304903,-0.3786139854,1.58746763716,0.0273958304841,-0.840525484421,1.58746600573,0.0273958304781,-1.2846711143,1.58865610081,-0.18535846813,-0.392143713878,1.58865440411,-0.185358468137,-0.854055151863,1.58865277267,-0.185358468143,-1.29820078174
1489188051304703353,1135,0,,1.71583534184,-0.120062613706,0.282722518189,1.66912551815,-0.106705126895,0.0675824157145,1.62931274443,-0.0931160397369,-0.15950812103,1.66713325843,0.0559699642074,0.0776663005938,1.66713214905,0.0559697849125,-0.224352772891,1.66713103966,0.0559749347498,-0.526371541199,1.67111777786,-0.269380214183,0.0574985308351,1.57605464034,-0.444377816788,-0.191361013777,1.48251006368,-0.162889665522,-0.247914167487,1.58819711394,0.026854584842,-0.380004307898,1.58819541725,0.0268545848358,-0.841915745883,1.58819378581,0.0268545848298,-1.28606137576,1.59080282749,-0.185908493814,-0.393193038169,1.59080113079,-0.185908493821,-0.855104476155,1.59079949936,-0.185908493827,-1.29925010603
1489188051404793693,1136,0,,1.71658718322,-0.120930523237,0.284664532029,1.67157731008,-0.107907586761,0.06902341623,1.63199952303,-0.0947421437594,-0.15813325297,1.66946395551,0.054783121267,0.078820924601,1.66946284613,0.0547829419722,-0.223198148883,1.66946173673,0.0547880918094,-0.525216947709,1.67369066466,-0.270598283345,0.059225907859,1.58037192268,-0.446370171535,-0.187473639498,1.48373102269,-0.166896527492,-0.248725771703,1.59103965485,0.0248150368726,-0.37888282786,1.59103795816,0.0248150368664,-0.840794296363,1.59103632672,0.0248150368604,-1.28493992624,1.59380381711,-0.187968434573,-0.391697016478,1.59380212042,-0.18796843458,-0.853608515498,1.59380048898,-0.187968434586,-1.29775414538
1489188051504674938,1137,0,,1.71725709883,-0.120914361719,0.282974893338,1.67148221349,-0.108096872389,0.0677942906028,1.63176685388,-0.0951035719212,-0.159348477335,1.66942708594,0.0546028309094,0.0774607257619,1.66942597656,0.0546026516146,-0.224558347722,1.66942486716,0.0546078014518,-0.526577116031,1.67353734104,-0.270796556613,0.0581278554437,1.57903842245,-0.446726896404,-0.188955766558,1.48393316732,-0.166553966935,-0.249418017929,1.59070749874,0.024287333321,-0.38016987498,1.59070580205,0.0242873333148,-0.842081343483,1.59070417061,0.0242873333088,-1.2862270344,1.5933954898,-0.188507880043,-0.392812615564,1.59339379311,-0.188507880049,-0.854724114584,1.59339216167,-0.188507880055,-1.29886974446
1489188051604973168,1138,0,,1.71888563898,-0.12023601864,0.283684207424,1.67315897205,-0.107889361957,0.068204639058,1.63364307581,-0.0950647085231,-0.158975269505,1.67074178373,0.0548091650843,0.0778098115089,1.67074067435,0.0548089857895,-0.224209261975,1.67073956495,0.0548141356267,-0.526228060802,1.67557616037,-0.270587869925,0.058599466607,1.58072873095,-0.446962424863,-0.188950859437,1.48536664077,-0.166807837402,-0.249189553346,1.5925463675,0.0241567782469,-0.379873861227,1.5925446708,0.0241567782407,-0.84178532973,1.59254303936,0.0241567782347,-1.28593102064,1.59570799166,-0.188636899869,-0.392436494908,1.59570629496,-0.188636899875,-0.854347963411,1.59570466352,-0.188636899881,-1.29849365433
1489188051705028039,1139,0,,1.71660242593,-0.119672367359,0.281546734122,1.67202199869,-0.10749135588,0.0657541580048,1.63291601549,-0.0950122362181,-0.161521256824,1.66980671354,0.0552268214091,0.0750699162619,1.66980560416,0.0552266421143,-0.226949157222,1.66980449476,0.0552317919515,-0.528967925531,1.67423728385,-0.270209548427,0.0564383997476,1.58356272386,-0.447823742579,-0.187488803196,1.48659357405,-0.168676881967,-0.249814893546,1.59236129953,0.0238765842383,-0.382704640576,1.59235960284,0.023876584232,-0.844616078562,1.5923579714,0.023876584226,-1.28876170844,1.59525876502,-0.188942824981,-0.394888733248,1.59525706833,-0.188942824987,-0.856800171233,1.59525543689,-0.188942824993,-1.30094580111
1489188051804885847,1140,0,,1.72250465164,-0.120406766455,0.281909749551,1.67512173957,-0.108991130871,0.0668207359743,1.63369581202,-0.0966366230022,-0.16004896965,1.67129939979,0.0536820118286,0.0763774516725,1.67129829042,0.0536818325337,-0.225641621812,1.67129718102,0.053686982371,-0.527660374861,1.67894432348,-0.271664304086,0.0572640202751,1.58327022616,-0.446480817628,-0.190837328123,1.48597321068,-0.166396793914,-0.248091578889,1.58977000495,0.0220981342444,-0.380669047562,1.58976830825,0.0220981342382,-0.842580546582,1.58976667682,0.0220981342322,-1.28672617646,1.59476951985,-0.190662370235,-0.393168272466,1.59476782315,-0.190662370241,-0.855079710452,1.59476619171,-0.190662370247,-1.29922534033
